<?xml version="1.0" encoding="UTF-8"?><TaskRepositories OutputVersion="2"><TaskRepository kind="githubPullRequests" url="https://github.com/JaceStratton/Plugin/pulls/pulls" version="unknown" encoding="UTF-8" timezone="America/New_York" org.eclipse.mylyn.tasklist.repositories.proxy.usedefault="true" org.eclipse.mylyn.tasklist.repositories.savePassword="false" org.eclipse.mylyn.tasklist.repositories.httpauth.savePassword="true" org.eclipse.mylyn.tasklist.repositories.proxy.savePassword="false" category="org.eclipse.mylyn.category.review" org.eclipse.mylyn.brand.id="" org.eclipse.mylyn.tasklist.repositories.enabled="true" org.eclipse.mylyn.tasklist.repositories.username="JaceStratton" label="JaceStratton/Plugin pull requests" org.eclipse.mylyn.tasklist.repositories.proxy.hostname="" org.eclipse.mylyn.tasklist.repositories.proxy.port="" org.eclipse.mylyn.tasklist.repositories.proxy.enabled="true" org.eclipse.mylyn.tasklist.repositories.offline="false" editorExtension="none" avatarSupport="false"><Property value="unknown" key="version"/><Property value="UTF-8" key="encoding"/><Property value="America/New_York" key="timezone"/><Property value="true" key="org.eclipse.mylyn.tasklist.repositories.proxy.usedefault"/><Property value="false" key="org.eclipse.mylyn.tasklist.repositories.savePassword"/><Property value="true" key="org.eclipse.mylyn.tasklist.repositories.httpauth.savePassword"/><Property value="false" key="org.eclipse.mylyn.tasklist.repositories.proxy.savePassword"/><Property value="org.eclipse.mylyn.category.review" key="category"/><Property value="" key="org.eclipse.mylyn.brand.id"/><Property value="true" key="org.eclipse.mylyn.tasklist.repositories.enabled"/><Property value="JaceStratton" key="org.eclipse.mylyn.tasklist.repositories.username"/><Property value="JaceStratton/Plugin pull requests" key="label"/><Property value="" key="org.eclipse.mylyn.tasklist.repositories.proxy.hostname"/><Property value="" key="org.eclipse.mylyn.tasklist.repositories.proxy.port"/><Property value="true" key="org.eclipse.mylyn.tasklist.repositories.proxy.enabled"/><Property value="false" key="org.eclipse.mylyn.tasklist.repositories.offline"/><Property value="none" key="editorExtension"/><Property value="false" key="avatarSupport"/></TaskRepository><TaskRepository kind="bugzilla" url="https://bugs.eclipse.org/bugs" version="3.6" encoding="UTF-8" timezone="America/New_York" org.eclipse.mylyn.tasklist.repositories.proxy.usedefault="true" org.eclipse.mylyn.tasklist.repositories.savePassword="true" org.eclipse.mylyn.tasklist.repositories.httpauth.savePassword="true" org.eclipse.mylyn.tasklist.repositories.proxy.savePassword="true" label="Eclipse.org" org.eclipse.mylyn.tasklist.repositories.enabled="false" org.eclipse.mylyn.tasklist.repositories.template="true" category="org.eclipse.mylyn.category.bugs" avatarSupport="true"><Property value="3.6" key="version"/><Property value="UTF-8" key="encoding"/><Property value="America/New_York" key="timezone"/><Property value="true" key="org.eclipse.mylyn.tasklist.repositories.proxy.usedefault"/><Property value="true" key="org.eclipse.mylyn.tasklist.repositories.savePassword"/><Property value="true" key="org.eclipse.mylyn.tasklist.repositories.httpauth.savePassword"/><Property value="true" key="org.eclipse.mylyn.tasklist.repositories.proxy.savePassword"/><Property value="Eclipse.org" key="label"/><Property value="false" key="org.eclipse.mylyn.tasklist.repositories.enabled"/><Property value="true" key="org.eclipse.mylyn.tasklist.repositories.template"/><Property value="org.eclipse.mylyn.category.bugs" key="category"/><Property value="true" key="avatarSupport"/></TaskRepository><TaskRepository kind="local" url="local" version="1" encoding="UTF-8" timezone="America/New_York" org.eclipse.mylyn.tasklist.repositories.proxy.usedefault="true" org.eclipse.mylyn.tasklist.repositories.savePassword="true" org.eclipse.mylyn.tasklist.repositories.httpauth.savePassword="true" org.eclipse.mylyn.tasklist.repositories.proxy.savePassword="true" label="Local" category="org.eclipse.mylyn.category.tasks" editorExtension="org.eclipse.mylyn.wikitext.tasks.ui.editor.textileTaskEditorExtension" avatarSupport="false"><Property value="1" key="version"/><Property value="UTF-8" key="encoding"/><Property value="America/New_York" key="timezone"/><Property value="true" key="org.eclipse.mylyn.tasklist.repositories.proxy.usedefault"/><Property value="true" key="org.eclipse.mylyn.tasklist.repositories.savePassword"/><Property value="true" key="org.eclipse.mylyn.tasklist.repositories.httpauth.savePassword"/><Property value="true" key="org.eclipse.mylyn.tasklist.repositories.proxy.savePassword"/><Property value="Local" key="label"/><Property value="org.eclipse.mylyn.category.tasks" key="category"/><Property value="org.eclipse.mylyn.wikitext.tasks.ui.editor.textileTaskEditorExtension" key="editorExtension"/><Property value="false" key="avatarSupport"/></TaskRepository></TaskRepositories>